"id","cos_sim_1yr","cos_sim_2yr"
"930036",NA,NA
"930085",NA,NA
"932031",NA,NA
"932117",NA,NA
"932853",NA,NA
"934380",NA,NA
"934872",NA,NA
"935677",NA,NA
"937748",NA,NA
"938028",NA,NA
"938068",NA,NA
"938207",NA,NA
"938400",NA,NA
"938508",NA,NA
"939405",NA,NA
"939465",NA,NA
"942280",NA,NA
"942874",NA,NA
"926596",NA,NA
"928546",NA,NA
"941882",NA,NA
"941951",NA,NA
"941960",NA,NA
"942291",NA,NA
"942420",NA,NA
"942960",NA,NA
"943273",NA,NA
"943494",NA,NA
"943732",NA,NA
"943951",NA,NA
"945943",NA,NA
"946162",NA,NA
"946208",NA,NA
"946617",NA,NA
"950878",NA,NA
"951897",NA,NA
"939462",NA,NA
"942937",NA,NA
"943679",NA,NA
"943806",NA,NA
"944924",NA,NA
"945905",NA,NA
"946788",NA,NA
"952337",NA,NA
"952370",NA,NA
"952373",NA,NA
"955120",NA,NA
"956191",NA,NA
"958890",NA,NA
"958956",NA,NA
"959216",NA,NA
"959272",NA,NA
"960116",NA,NA
"960216",NA,NA
"960443",NA,NA
"978268",NA,NA
"606544",0,0
"939336",0.0870388279778489,0.183920195948681
"952493",0.120385853085769,0.190788900224668
"960403",0.166666666666667,0.220112726581406
"960494",0.102062072615966,0.107832773203438
"960554",0,0.136398867894095
"961686",0.182574185835055,0.241121411085206
"975240",0,0
"976418",0.0833333333333333,0.220112726581406
"976803",0,0.0681994339470474
"980491",0,0
"981379",0.0962250448649376,0.10166571355507
"988809",0.074535599249993,0.118124884643724
"989150",0,0.0440225453162812
"991065",0,0.152498570332605
"997056",0.223606797749979,0.157499846191632
"997663",0.109108945117996,0.172917125311271
"997755",0.109108945117996,0.172917125311271
"531290",NA,NA
"609595",NA,NA
"611664",NA,NA
"611671",NA,NA
"612247",NA,NA
"614909",NA,NA
"615288",NA,NA
"618245",NA,NA
"625933",NA,NA
"626268",NA,NA
"631685",NA,NA
"631936",NA,NA
"632145",NA,NA
"632513",NA,NA
"632874",NA,NA
"632899",NA,NA
"944089",NA,NA
"955480",NA,NA
"988768",NA,NA
"991428",NA,NA
"996489",NA,NA
"996557",NA,NA
"997308",NA,NA
"999483",NA,NA
"605975",NA,NA
"605993",NA,NA
"633400",NA,NA
"636040",NA,NA
"643006",NA,NA
"651559",NA,NA
"652988",NA,NA
"655774",NA,NA
"664240",NA,NA
"669884",NA,NA
"670455",NA,NA
"691870",NA,NA
"943495",NA,NA
"997846",NA,NA
"998171",NA,NA
"614208",NA,NA
"632705",NA,NA
"632900",NA,NA
"640643",NA,NA
"652686",NA,NA
"666508",NA,NA
"673455",NA,NA
"695534",NA,NA
"696965",NA,NA
"703246",NA,NA
"715207",NA,NA
"721166",NA,NA
"727962",NA,NA
"950897",NA,NA
"960699",NA,NA
"672717",NA,NA
"722936",NA,NA
"723569",NA,NA
"739681",NA,NA
"762884",NA,NA
"763436",NA,NA
"809372",NA,NA
"926632",NA,NA
"927013",NA,NA
"928103",NA,NA
"928517",NA,NA
"928851",NA,NA
"929196",NA,NA
"929255",NA,NA
"929531",NA,NA
"931220",NA,NA
"931482",NA,NA
"933020",NA,NA
"933065",NA,NA
"933066",NA,NA
"934459",NA,NA
"935058",NA,NA
"935378",NA,NA
"935656",NA,NA
"936564",NA,NA
"936565",NA,NA
"937003",NA,NA
"937062",NA,NA
"937395",NA,NA
"938000",NA,NA
"938445",NA,NA
"938524",NA,NA
"938546",NA,NA
"938955",NA,NA
"939137",NA,NA
"939210",NA,NA
"939212",NA,NA
"939277",NA,NA
"939450",NA,NA
"939472",NA,NA
"939646",NA,NA
"939731",NA,NA
"939986",NA,NA
"940050",NA,NA
"941655",NA,NA
"941969",NA,NA
"941993",NA,NA
"942015",NA,NA
"942051",NA,NA
"942745",NA,NA
"942853",NA,NA
"943270",NA,NA
"928149",0.0545544725589981,0.202030508910442
"930159",0.153093108923949,0.314970394174356
"930277",0.0645497224367903,0.239045721866879
"931330",0,0.0629940788348712
"932615",0.0495073771488337,0.213896315973249
"932860",0.077151674981046,0.238095238095238
"932917",0,0.0796819072889596
"933004",0,0
"933103",0.0990147542976674,0.30556616567607
"933155",0,0.0445435403187374
"935085",0.077151674981046,0.285714285714286
"935323",0.0545544725589981,0.168358757425368
"935837",0.058925565098879,0.290957186981323
"937407",0.0566138517072298,0.104828483672192
"938088",0.144337567297406,0.267261241912424
"938348",0.0800640769025436,0.29649972666444
"938611",0.0721687836487032,0.222717701593687
"939069",0.144337567297406,0.267261241912424
"939219",0.0721687836487032,0.0890870806374748
"939322",0.130558241966773,0.322329185610152
"939539",0.117851130197758,0.0727392967453308
"941651",0.0645497224367903,0.119522860933439
"941825",0.144337567297406,0.17817416127495
"941873",0.052704627669473,0.29277002188456
"942898",0.058925565098879,0.254587538608658
"943037",0,0.0419960525565808
"943279",0.0721687836487032,0.0445435403187374
"943281",0.058925565098879,0.181848241863327
"943282",0,0.125988157669742
"943283",0.102062072615966,0.251976315339485
"943339",0.0990147542976674,0.122226466270428
"943401",0.0833333333333333,0.308606699924184
"943663",0.0615457454896664,0.113960576459638
"943666",0.117851130197758,0.254587538608658
"943729",0.0456435464587638,0.169030850945703
"944073",0.077151674981046,0.19047619047619
"944114",0,0
"944198",0.136082763487954,0.335968420452646
"944401",0.158113883008419,0.29277002188456
"944446",0.0645497224367903,0.278886675511359
"944521",0.109108945117996,0.437732769305958
"944795",0.0990147542976674,0.122226466270428
"944855",0,0
"945095",0.144337567297406,0.296956935458249
"945395",0,0.102868899974728
"945399",0.204124145231932,0.377964473009227
"946172",0.077151674981046,0.238095238095238
"947081",0.0495073771488337,0.183339699405642
"949392",0.210818510677892,0.260240019452942
"950901",0.117851130197758,0.218217890235992
"950903",0.204124145231932,0.125988157669742
"950904",0.117851130197758,0.290957186981323
"950925",0.0833333333333333,0.25717224993682
"950927",0.0545544725589981,0.168358757425368
"951591",0.0645497224367903,0.159363814577919
"951884",0.129099444873581,0.159363814577919
"952380",0.0392837100659193,0.242464322484436
"953371",0.234904619324909,0.269260231933853
"954021",0,0.0839921051131616
"928377",0.362738125055006,0.354245954216038
"930281",0.105263157894737,0.224872398171132
"932146",0.0764719112901873,0.0466760028009337
"935990",0.086710996952412,0.105851224804993
"939187",0.146734796413356,0.17912443020796
"939613",0,0.0844400661841498
"942810",0.173421993904824,0.264628062012482
"942901",0.236939551103637,0.216930457818656
"942963",0.0613139339484966,0.074848118856512
"944785",0.132453235706504,0.161690416690889
"945104",0.0725476250110012,0.0885614885540096
"945214",0.187317162316339,0.171498585142509
"945617",0,0
"945933",0.0764719112901873,0.0466760028009337
"947068",0,0.0388367818690309
"948811",0,0
"951188",0,0.0404226041727222
"951328",0.0725476250110012,0.0442807442770048
"951943",0,0
"952482",0.183532587096449,0.112022406722241
"954118",0.0691714463866075,0.126660099276225
"954261",0.187317162316339,0.228664780190012
"954400",0.162221421130763,0.13201967239689
"954810",0.0811107105653813,0.0495073771488337
"955032",0.114707866935281,0.0700140042014005
"955497",0.207514339159822,0.1688801323683
"955525",0.0725476250110012,0.132842232831014
"955867",0.0811107105653813,0.0742610657232506
"957941",0,0
"957943",0.345857231933037,0.295540231644524
"957954",0,0
"958780",0.086710996952412,0.158776837207489
"958971",0.260132990857236,0.211702449609985
"959302",0.132453235706504,0.242535625036333
"959342",0.105263157894737,0.0642492566203236
"959884",0.198679853559757,0.161690416690889
"960483",0.0526315789473684,0.0963738849304854
"960486",0.0764719112901873,0.140028008402801
"960508",0.114707866935281,0.210042012604202
"960511",0.21629522817435,0.165024590496112
"960627",0.111282976814931,0.135847122162265
"960787",0.0811107105653813,0.148522131446501
"961246",0.166924465222397,0.169808902702831
"961270",0.145095250022002,0.132842232831014
"961398",0.132453235706504,0.0808452083454443
"961767",0,0
"974847",0.222565953629863,0.203770683243397
"980239",0.0662266178532522,0.161690416690889
"605598",0,0
"610767",0.138013111868471,0.118124884643724
"614524",0.214285714285714,0.203784786484806
"935091",0.119522860933439,0.204598301841142
"942659",0,0
"945380",0.154303349962092,0.220112726581406
"950933",0.188982236504614,0.161749159805158
"952641",0.125988157669742,0.179721288672397
"954365",0.188982236504614,0.215665546406877
"954470",0.133630620956212,0.190623212915756
"956437",0.170940864689457,0.0975384133143533
"957916",0.17817416127495,0.10166571355507
"958076",0.0944911182523068,0.107832773203438
"958249",0.0890870806374748,0.10166571355507
"958257",0.14824986333222,0.126886480331344
"958322",0,0.0762492851663023
"958804",0.101015254455221,0.115278083540847
"958899",0.0845154254728517,0.0482242822170412
"959883",0.239045721866879,0.272797735788189
"959895",0,0
"960512",0.231455024943138,0.220112726581406
"960632",0,0
"961109",0.188982236504614,0.323498319610315
"971428",0.109108945117996,0.062257280636469
"971665",0,0.132067635948844
"971802",0,0
"973238",0.109108945117996,0.124514561272938
"974809",0.133630620956212,0.152498570332605
"975437",0.0845154254728517,0.0964485644340824
"979875",0.259281489420866,0.295890688582124
"979996",0,0
"980494",0.133630620956212,0.0762492851663023
"980769",0.338061701891407,0.241121411085206
"981947",0.214285714285714,0.163027829187845
"982137",0.276026223736942,0.275624730835355
"984806",0,0.0880450906325624
"987731",0.169030850945703,0.0964485644340824
"987822",0.188982236504614,0.215665546406877
"988437",0.188982236504614,0.251609804141356
"988978",0.218217890235992,0.124514561272938
"989149",0,0
"989515",0.276026223736942,0.275624730835355
"989521",0.161164592805076,0.137940146961511
"991788",0.133630620956212,0.114373927749453
"994882",0.33407655239053,0.304997140665209
"995172",0.0890870806374748,0.10166571355507
"995480",0.138013111868471,0.0787499230958158
"996443",0.322329185610152,0.275880293923022
"996570",0,0
"997204",0,0
"997384",0,0
"997593",0.119522860933439,0.0681994339470474
"997662",0.285714285714286,0.244541743781767
"997757",0.17817416127495,0.152498570332605
"604137",0.240192230707631,0.392232270276368
"605192",0,0.102062072615966
"605506",0.235702260395516,0.21650635094611
"605821",0.192450089729875,0.235702260395516
"606327",0.308606699924184,0.472455591261534
"611666",0.210042012604201,0.214373231428136
"612230",0.0870388279778489,0.106600358177805
"614177",0,0
"618775",0.204124145231932,0.25
"619503",0.077151674981046,0.0472455591261534
"619946",0,0.0883883476483184
"620242",0.0870388279778489,0.266500895444513
"620822",0,0
"621185",0.0833333333333333,0.102062072615966
"621206",0,0.176776695296637
"621801",0,0.0559016994374947
"623315",0.129099444873581,0.158113883008419
"624548",0,0.102062072615966
"625894",0.288675134594813,0.412478955692153
"627150",0.102062072615966,0.1875
"628015",0.166666666666667,0.153093108923949
"631928",0.0870388279778489,0.159900537266708
"632676",0.174077655955698,0.319801074533416
"632713",0.129099444873581,0.237170824512628
"632882",0,0.0790569415042095
"636542",0,0.125
"637289",0.0833333333333333,0.255155181539914
"638431",0.140028008402801,0.171498585142509
"640103",0.0662266178532522,0.121666065848072
"640651",0.136082763487954,0.208333333333333
"642666",0.193649167310371,0.237170824512628
"643664",0.117851130197758,0.21650635094611
"648815",0.308606699924184,0.330718913883074
"942657",0.174077655955698,0.106600358177805
"944794",0.198679853559757,0.324442842261525
"952598",0.129099444873581,0.237170824512628
"954959",0.144337567297406,0.265165042944955
"960373",0.0721687836487032,0.0883883476483184
"960408",0.166666666666667,0.102062072615966
"960491",0.204124145231932,0.25
"975303",0.0700140042014005,0.128623938856882
"988573",0.077151674981046,0.14173667737846
"988785",0.0721687836487032,0.132582521472478
"991064",0.160128153805087,0.343203236491822
"991141",0.0680413817439772,0.208333333333333
"991468",0.261116483933547,0.21320071635561
"991521",0.109108945117996,0.133630620956212
"991817",0.109108945117996,0.33407655239053
"995051",0.109108945117996,0.133630620956212
"995751",0.0962250448649376,0.117851130197758
"996823",0,0
"996959",0.109108945117996,0.200445931434318
"997291",0.261116483933547,0.159900537266708
"997619",0.109108945117996,0.133630620956212
"997769",0.166666666666667,0.102062072615966
"997849",0.288675134594813,0.176776695296637
"998016",0.320256307610174,0.196116135138184
"605273",0,0
"611419",0.188982236504614,0.121267812518166
"614204",0.241746889207614,0.25854384499751
"621309",0.0845154254728517,0.108465228909328
"622607",0.0890870806374748,0.0571661950475029
"623058",0,0
"625676",0.0496291666985465,0.191078926589545
"625684",0.0845154254728517,0.108465228909328
"630384",0.109108945117996,0.175035010503501
"630670",0.0890870806374748,0.0571661950475029
"632849",0.253546276418555,0.325395686727984
"632877",0.29649972666444,0.380521195323595
"638784",0.17817416127495,0.285830975237515
"639766",0,0.076696498884737
"645833",0.17817416127495,0.342997170285018
"649286",0.142857142857143,0.229174624257053
"655785",0,0.108465228909328
"658209",0,0.129640744710433
"661938",0.080582296402538,0.155126306998506
"667657",0,0.0458349248514106
"669288",0.188982236504614,0.242535625036333
"675535",0.188982236504614,0.18190171877725
"683181",0.253546276418555,0.379628301182648
"694897",0.267261241912424,0.400163365332521
"695441",0.17817416127495,0.228664780190012
"945061",0.125988157669742,0.202113020863611
"958970",0.200445931434318,0.257247877713763
"977455",0.077151674981046,0.0990147542976674
"981368",0.214285714285714,0.275009549108463
"990996",0,0
"998537",0,0.0517087689995019
"605052",0.173494479589872,0.161822678812547
"611501",0.131876094679157,0.0922531208028885
"628029",0.147441956154897,0.206284249251759
"630363",0.186500961648063,0.130465614610688
"632699",0.260643017571343,0.328196230870263
"659949",0.252860868712087,0.212264741303167
"666150",0.221162934232346,0.154713186938819
"667067",0.16681153124566,0.116691993198316
"667501",0.120385853085769,0.126322788159978
"671623",0.188608384038579,0.131939849140063
"672703",0.104257207028537,0.145864991497895
"672902",0.312771621085612,0.291729982995789
"673399",0.208514414057075,0.243108319163158
"676466",0.0538381902058166,0.112986536573206
"677382",0.196589274873196,0.137522832834506
"678923",0.0695048046856916,0.0486216638326315
"682514",0.0737209780774486,0.0515710623129397
"682522",0.0695048046856916,0.145864991497895
"682608",0.107676380411633,0.0753243577154709
"686147",0.240771706171538,0.168430384213304
"695400",0.188608384038579,0.131939849140063
"703505",0.41702882811415,0.583459965991578
"706030",0.057831493196624,0.12136700910941
"710754",0.120385853085769,0.0842151921066519
"718283",0.0851256530758749,0.119098266835083
"937326",0.314347306730966,0.30785964799348
"971420",0.0737209780774486,0.0515710623129397
"648086",0.098058067569092,0.163663417676994
"650533",0.0800640769025436,0.0445435403187374
"681609",0.230769230769231,0.256776295506548
"684232",0.0800640769025436,0.0445435403187374
"718285",0.160128153805087,0.207869854820774
"718642",0.143222974807887,0.278886675511358
"718644",0.098058067569092,0.163663417676994
"719941",0,0.171184197004365
"723365",0.124034734589208,0.0690065559342354
"729319",0,0.0890870806374748
"737343",0.18490006540841,0.154303349962092
"769544",0.138675049056307,0.231455024943138
"783734",0.160128153805087,0.222717701593687
"814526",0.143222974807887,0.199204768222399
"915692",NA,NA
"932369",NA,NA
"932811",NA,NA
"933012",NA,NA
"933055",NA,NA
"933063",NA,NA
"935659",NA,NA
"936569",NA,NA
"937971",NA,NA
"938057",NA,NA
"938142",NA,NA
"938506",NA,NA
"938517",NA,NA
"938874",NA,NA
"939398",NA,NA
"939417",NA,NA
"941699",NA,NA
"942661",NA,NA
"935846",NA,NA
"938583",NA,NA
"939799",NA,NA
"941981",NA,NA
"942010",NA,NA
"942088",NA,NA
"943284",NA,NA
"943855",NA,NA
"944412",NA,NA
"944602",NA,NA
"944716",NA,NA
"944975",NA,NA
"945010",NA,NA
"945044",NA,NA
"945167",NA,NA
"945168",NA,NA
"945572",NA,NA
"945947",NA,NA
"945951",NA,NA
"946578",NA,NA
"950926",NA,NA
"950953",NA,NA
"951184",NA,NA
"951686",NA,NA
"936120",0.144337567297406,0.163663417676994
"944938",0,0.0427960492510913
"949624",0.0615457454896664,0.139572631559771
"951327",0,0.102868899974728
"954341",0.0833333333333333,0.125988157669742
"954379",0,0.0465242105199236
"954756",0,0.109108945117996
"954758",0.123091490979333,0.0930484210398471
"955430",0.123091490979333,0.186096842079694
"955675",0.0468292905790847,0.0707992325404789
"956905",0.166666666666667,0.188982236504614
"958997",0.294627825494395,0.267261241912424
"959038",0.166666666666667,0.251976315339485
"959191",0.231455024943138,0.233284737407922
"959210",0,0
"959224",0,0
"959285",0.154303349962092,0.174963553055941
"959814",0.153093108923949,0.192879187452615
"959894",0,0.077151674981046
"960081",0.0456435464587638,0.103509833901353
"960137",0.0912870929175277,0.172516389835589
"960162",0.102062072615966,0.115727512471569
"960544",0.204124145231932,0.154303349962092
"960687",0.052704627669473,0.119522860933439
"960797",0.193649167310371,0.14638501094228
"960798",0,0.14638501094228
"961302",0.123091490979333,0.232621052599618
"971809",0,0.125988157669742
"971949",0,0.0465242105199236
"973001",0.231455024943138,0.233284737407922
"973241",0,0.116642368703961
"980486",0.166666666666667,0.188982236504614
"603731",NA,NA
"605238",NA,NA
"611715",NA,NA
"611875",NA,NA
"612198",NA,NA
"612410",NA,NA
"615370",NA,NA
"954432",NA,NA
"954487",NA,NA
"960343",NA,NA
"960551",NA,NA
"960584",NA,NA
"960923",NA,NA
"972792",NA,NA
"975515",NA,NA
"977453",NA,NA
"980388",NA,NA
"982129",NA,NA
"982250",NA,NA
"984984",NA,NA
"988753",NA,NA
"988805",NA,NA
"990836",NA,NA
"991005",NA,NA
"991067",NA,NA
"997173",NA,NA
"997575",NA,NA
"997721",NA,NA
"997761",NA,NA
"997764",NA,NA
"604077",NA,NA
"605254",NA,NA
"605724",NA,NA
"612072",NA,NA
"614978",NA,NA
"620509",NA,NA
"620823",NA,NA
"621209",NA,NA
"625202",NA,NA
"625926",NA,NA
"627224",NA,NA
"627416",NA,NA
"627553",NA,NA
"632665",NA,NA
"634005",NA,NA
"634060",NA,NA
"634344",NA,NA
"637269",NA,NA
"639758",NA,NA
"640857",NA,NA
"641694",NA,NA
"935607",NA,NA
"954843",NA,NA
"971438",NA,NA
"995070",NA,NA
"995377",NA,NA
"997372",NA,NA
"997471",NA,NA
"998090",NA,NA
"998304",NA,NA
"623294",0.144337567297406,0.261488180184245
"640403",0,0.196116135138184
"643242",0.0857492925712544,0.116510345607093
"650668",0.106600358177805,0.14484136487558
"655925",0,0.0924500327042048
"657326",0,0.143222974807887
"657485",0,0.11322770341446
"661391",0.133630620956212,0.0605227532668802
"662135",0.106600358177805,0.0965609099170535
"662411",0,0
"664713",0.106600358177805,0.193121819834107
"666532",0,0
"668545",0,0.0826898230594723
"672375",0,0.0716114874039433
"674096",0,0.0800640769025436
"674874",0.117851130197758,0.106752102536725
"676128",0.125,0.169841555121689
"685538",0,0.101273936708367
"961239",0,0.0716114874039433
"995285",0.125,0.226455406828919
"997885",0,0
"649257",0.122627867896993,0.0936585811581694
"671773",0.169030850945703,0.129099444873581
"680070",0.0944911182523068,0.0721687836487032
"684759",0.101015254455221,0.0771516749810459
"702770",0.0845154254728517,0.0645497224367903
"703417",0.154303349962092,0.235702260395516
"703981",0,0.117851130197758
"706838",0,0.102062072615966
"707100",0.113960576459638,0.130558241966773
"708530",0.0845154254728517,0.0645497224367903
"710741",0.154303349962092,0.235702260395516
"710758",0,0.0833333333333333
"711382",0,0
"715085",0.0629940788348712,0.144337567297406
"715767",0.154303349962092,0.117851130197758
"717907",0,0.0680413817439772
"718134",0.133630620956212,0.204124145231932
"722615",0,0.11322770341446
"722909",0.0648203723552164,0.0990147542976674
"958900",0.0741249316661101,0.169841555121689
"976757",0.169030850945703,0.193649167310371
"666759",0,0
"710975",0.140028008402801,0.111282976814931
"724307",0.140028008402801,0.222565953629863
"730635",0,0
"730869",0,0.153896752812773
"734622",0,0
"766676",0.174077655955698,0.27668578554643
"789217",0.258198889747161,0.102597835208515
"809364",0,0.0764719112901872
"889956",0.577350269189626,0.458831467741123
"932336",NA,NA
"944700",NA,NA
"946789",NA,NA
"603732",NA,NA
"959034",NA,NA
"946568",NA,NA
"991348",NA,NA
"622500",NA,NA
"651582",NA,NA
"730866",NA,NA
"937320",NA,NA
"938056",NA,NA
"938218",NA,NA
"939134",NA,NA
"939538",NA,NA
"941861",NA,NA
"941992",NA,NA
"943280",NA,NA
"943856",NA,NA
"937398",NA,NA
"941974",NA,NA
"942135",NA,NA
"943707",NA,NA
"944900",NA,NA
"945273",NA,NA
"945458",NA,NA
"945622",NA,NA
"945858",NA,NA
"946021",NA,NA
"946119",NA,NA
"946375",NA,NA
"946762",NA,NA
"952258",NA,NA
"952625",NA,NA
"953031",NA,NA
"954304",NA,NA
"954407",NA,NA
"954724",NA,NA
"954818",NA,NA
"930069",NA,NA
"952299",NA,NA
"954473",NA,NA
"954862",NA,NA
"955441",NA,NA
"955479",NA,NA
"957669",NA,NA
"958118",NA,NA
"958943",NA,NA
"959413",NA,NA
"960170",NA,NA
"960354",NA,NA
"971686",NA,NA
"973240",NA,NA
"978341",NA,NA
"604138",NA,NA
"971669",NA,NA
"972801",NA,NA
"978737",NA,NA
"979375",NA,NA
"984907",NA,NA
"990143",NA,NA
"991432",NA,NA
"997197",NA,NA
"605959",NA,NA
"611171",NA,NA
"622441",NA,NA
"624642",NA,NA
"629443",NA,NA
"632666",NA,NA
"632843",NA,NA
"991326",NA,NA
"620816",NA,NA
"640915",NA,NA
"737237",NA,NA
"928392",NA,NA
"928393",NA,NA
"932731",NA,NA
"932887",NA,NA
"935830",NA,NA
"938450",NA,NA
"938502",NA,NA
"938743",NA,NA
"939739",NA,NA
"941954",NA,NA
"942038",NA,NA
"943413",NA,NA
"939160",NA,NA
"939534",NA,NA
"942026",NA,NA
"942792",NA,NA
"943020",NA,NA
"943354",NA,NA
"944519",NA,NA
"945382",NA,NA
"945406",NA,NA
"945664",NA,NA
"946588",NA,NA
"948965",NA,NA
"954984",NA,NA
"944952",NA,NA
"948030",NA,NA
"950870",NA,NA
"955086",NA,NA
"957702",NA,NA
"957703",NA,NA
"960122",NA,NA
"960538",NA,NA
"961030",NA,NA
"970793",NA,NA
"972982",NA,NA
"941103",NA,NA
"959808",NA,NA
"959867",NA,NA
"960191",NA,NA
"984988",NA,NA
"997604",NA,NA
"604155",NA,NA
"604347",NA,NA
"609593",NA,NA
"611852",NA,NA
"625403",NA,NA
"628146",NA,NA
"990993",NA,NA
"997559",NA,NA
"997653",NA,NA
"631651",NA,NA
"632913",NA,NA
"641560",NA,NA
"651288",NA,NA
"652367",NA,NA
"662534",NA,NA
"664236",NA,NA
"671114",NA,NA
"672726",NA,NA
"679614",0.0890870806374748,0.207019667802706
"702725",0,0.172132593164774
"716478",0,0.129099444873581
"722791",0.0808452083454443,0.187867287325545
"982128",0.105409255338946,0.244948974278318
"698630",NA,NA
"734964",NA,NA
"786046",NA,NA
"824823",NA,NA
"937288",NA,NA
"937723",NA,NA
"927246",NA,NA
"932035",NA,NA
"939162",NA,NA
"939442",NA,NA
"945075",NA,NA
"928447",NA,NA
"938603",NA,NA
"943228",NA,NA
"946860",NA,NA
"951210",NA,NA
"954342",NA,NA
"954343",NA,NA
"954345",NA,NA
"958279",NA,NA
"604987",NA,NA
"605365",NA,NA
"935684",NA,NA
"939441",NA,NA
"943655",NA,NA
"944059",NA,NA
"944907",NA,NA
"960338",NA,NA
"960449",NA,NA
"971481",NA,NA
"977060",NA,NA
"991034",NA,NA
"605452",NA,NA
"605803",NA,NA
"606312",NA,NA
"610924",NA,NA
"617221",NA,NA
"618630",NA,NA
"624508",NA,NA
"629692",NA,NA
"630113",NA,NA
"631680",NA,NA
"960454",NA,NA
"960829",NA,NA
"974870",NA,NA
"988967",NA,NA
"991492",NA,NA
"997430",NA,NA
"604158",NA,NA
"609388",NA,NA
"626515",NA,NA
"632872",NA,NA
"651555",NA,NA
"960564",NA,NA
"988055",NA,NA
"991144",NA,NA
"995452",NA,NA
"997903",NA,NA
"616012",NA,NA
"620591",NA,NA
"674413",NA,NA
"680021",NA,NA
"684236",NA,NA
"693067",NA,NA
"718652",NA,NA
"644717",NA,NA
"672891",NA,NA
"682468",NA,NA
"693331",NA,NA
"706032",NA,NA
"707565",NA,NA
"710243",NA,NA
"717507",NA,NA
"760435",NA,NA
"784751",NA,NA
"931589",NA,NA
"932101",NA,NA
"932810",NA,NA
"933035",NA,NA
"934329",NA,NA
"937016",NA,NA
"937632",NA,NA
"938636",NA,NA
"941689",NA,NA
"942032",NA,NA
"942347",NA,NA
"943309",NA,NA
"943627",NA,NA
"944160",NA,NA
"933706",NA,NA
"938148",NA,NA
"939509",NA,NA
"942008",NA,NA
"942063",NA,NA
"942072",NA,NA
"942716",NA,NA
"942736",NA,NA
"944359",NA,NA
"944937",NA,NA
"945297",NA,NA
"945385",NA,NA
"945662",NA,NA
"945865",NA,NA
"955192",NA,NA
"932153",NA,NA
"952495",NA,NA
"954510",NA,NA
"955135",NA,NA
"955477",NA,NA
"955677",NA,NA
"955761",NA,NA
"958377",NA,NA
"958818",NA,NA
"958864",NA,NA
"959411",NA,NA
"960499",NA,NA
"961244",NA,NA
"961700",NA,NA
"968929",NA,NA
"978017",NA,NA
"981382",NA,NA
"944703",NA,NA
"958272",NA,NA
"959893",NA,NA
"960422",NA,NA
"960507",NA,NA
"960619",NA,NA
"971450",NA,NA
"975296",NA,NA
"979301",NA,NA
"984916",NA,NA
"989950",NA,NA
"991782",NA,NA
"991786",NA,NA
"995429",NA,NA
"997577",NA,NA
"997709",NA,NA
"997715",NA,NA
"604291",NA,NA
"605586",NA,NA
"605593",NA,NA
"605961",NA,NA
"614995",NA,NA
"620598",NA,NA
"621031",NA,NA
"628160",NA,NA
"630985",NA,NA
"631384",NA,NA
"638789",NA,NA
"646484",NA,NA
"971360",NA,NA
"998009",NA,NA
"620887",NA,NA
"639950",NA,NA
"660637",NA,NA
"664645",NA,NA
"669064",NA,NA
"673024",NA,NA
"676832",NA,NA
"997924",NA,NA
"660141",NA,NA
"704471",NA,NA
"706231",NA,NA
"710073",NA,NA
"720633",NA,NA
"739660",NA,NA
"799987",NA,NA
"872798",NA,NA
"887306",NA,NA
"942009",NA,NA
"947638",NA,NA
"954998",NA,NA
"960250",NA,NA
"960395",NA,NA
"960488",NA,NA
"960536",NA,NA
"971426",NA,NA
"960833",NA,NA
"991320",NA,NA
"997651",NA,NA
"997657",NA,NA
"997878",NA,NA
"604515",NA,NA
"632890",NA,NA
"997643",NA,NA
"647927",NA,NA
"673033",NA,NA
"640249",NA,NA
"928383",NA,NA
"934752",NA,NA
"935985",NA,NA
"938702",NA,NA
"939562",NA,NA
"942050",NA,NA
"942686",NA,NA
"944542",NA,NA
"952621",NA,NA
"943417",NA,NA
"944341",NA,NA
"946815",NA,NA
"959082",NA,NA
"606553",NA,NA
"945591",NA,NA
"974106",NA,NA
"974852",NA,NA
"986214",NA,NA
"996046",NA,NA
"996586",NA,NA
"997573",NA,NA
"998609",NA,NA
"604704",NA,NA
"621364",NA,NA
"639414",NA,NA
"996871",NA,NA
"632821",NA,NA
"632964",NA,NA
"651837",NA,NA
"672361",NA,NA
"723578",NA,NA
"938681",NA,NA
"939484",NA,NA
"941832",NA,NA
"935585",NA,NA
"942122",NA,NA
"942723",NA,NA
"943006",NA,NA
"945612",NA,NA
"945955",NA,NA
"946376",NA,NA
"949115",NA,NA
"950966",NA,NA
"952841",NA,NA
"955027",NA,NA
"946219",NA,NA
"948789",NA,NA
"959321",NA,NA
"960342",NA,NA
"961515",NA,NA
"971670",NA,NA
"973239",NA,NA
"976357",NA,NA
"605047",NA,NA
"940007",NA,NA
"952385",NA,NA
"958810",NA,NA
"974820",NA,NA
"977601",NA,NA
"991496",NA,NA
"994624",NA,NA
"997381",NA,NA
"630328",NA,NA
"632836",NA,NA
"638951",NA,NA
"958041",NA,NA
"622370",NA,NA
"632677",NA,NA
"652585",NA,NA
"659951",NA,NA
"659955",NA,NA
"687023",NA,NA
"714467",NA,NA
"785539",NA,NA
"929230",NA,NA
"932213",NA,NA
"935725",NA,NA
"936477",NA,NA
"938093",NA,NA
"939007",NA,NA
"939205",NA,NA
"939329",NA,NA
"939524",NA,NA
"939541",NA,NA
"939578",NA,NA
"939859",NA,NA
"941641",NA,NA
"943001",NA,NA
"943780",NA,NA
"943781",NA,NA
"933029",NA,NA
"933095",NA,NA
"936559",NA,NA
"936562",NA,NA
"936566",NA,NA
"938534",NA,NA
"939318",NA,NA
"939319",NA,NA
"939448",NA,NA
"941631",NA,NA
"943724",NA,NA
"943992",NA,NA
"944054",NA,NA
"944984",NA,NA
"945135",NA,NA
"945596",NA,NA
"945885",NA,NA
"946166",NA,NA
"946169",NA,NA
"946406",NA,NA
"946415",NA,NA
"946847",NA,NA
"950572",NA,NA
"950574",NA,NA
"952156",NA,NA
"952259",NA,NA
"952524",NA,NA
"954090",NA,NA
"954406",NA,NA
"954469",NA,NA
"954979",NA,NA
"933025",NA,NA
"938147",NA,NA
"942166",NA,NA
"942780",NA,NA
"943783",NA,NA
"944011",NA,NA
"944032",NA,NA
"944155",NA,NA
"947967",NA,NA
"950928",NA,NA
"952592",NA,NA
"953911",NA,NA
"954725",NA,NA
"955081",NA,NA
"955082",NA,NA
"955160",NA,NA
"955442",NA,NA
"956855",NA,NA
"957996",NA,NA
"958042",NA,NA
"958051",NA,NA
"958286",NA,NA
"958341",NA,NA
"958904",NA,NA
"959073",NA,NA
"959417",NA,NA
"959713",NA,NA
"960205",NA,NA
"960276",NA,NA
"960410",NA,NA
"960506",NA,NA
"961241",NA,NA
"971073",NA,NA
"972039",NA,NA
"973311",NA,NA
"974784",NA,NA
"976128",NA,NA
"978134",NA,NA
"978335",NA,NA
"978337",NA,NA
"978900",NA,NA
"605150",NA,NA
"605345",NA,NA
"610675",NA,NA
"615371",NA,NA
"943726",NA,NA
"945064",NA,NA
"945065",NA,NA
"954374",NA,NA
"957906",NA,NA
"960210",NA,NA
"961563",NA,NA
"961608",NA,NA
"970803",NA,NA
"970808",NA,NA
"971936",NA,NA
"972659",NA,NA
"974805",NA,NA
"976492",NA,NA
"981293",NA,NA
"981348",NA,NA
"981369",NA,NA
"984933",NA,NA
"986265",NA,NA
"986294",NA,NA
"990005",NA,NA
"990630",NA,NA
"990874",NA,NA
"991203",NA,NA
"991475",NA,NA
"991477",NA,NA
"991730",NA,NA
"995982",NA,NA
"997552",NA,NA
"997741",NA,NA
"997884",NA,NA
"998127",NA,NA
"998584",NA,NA
"999436",NA,NA
"609526",NA,NA
"621666",NA,NA
"623313",NA,NA
"625850",NA,NA
"632976",NA,NA
"637912",NA,NA
"978615",NA,NA
"978622",NA,NA
"980782",NA,NA
"997605",NA,NA
"997847",NA,NA
"605304",NA,NA
"606286",NA,NA
"610678",NA,NA
"619744",NA,NA
"625782",NA,NA
"633221",NA,NA
"633402",NA,NA
"637316",NA,NA
"643391",NA,NA
"647140",NA,NA
"660048",NA,NA
"662532",NA,NA
"662533",NA,NA
"663926",NA,NA
"670460",NA,NA
"670856",NA,NA
"689646",NA,NA
"960456",NA,NA
"997652",NA,NA
"998091",NA,NA
"632881",NA,NA
"672904",NA,NA
"682508",NA,NA
"685555",NA,NA
"704788",NA,NA
"705817",NA,NA
"706592",NA,NA
"715250",NA,NA
"721821",NA,NA
"730861",NA,NA
"735127",NA,NA
"739447",NA,NA
"675735",NA,NA
"718936",NA,NA
"755754",NA,NA
"771435",NA,NA
"932514",NA,NA
"989931",NA,NA
"605154",NA,NA
"932935",NA,NA
"935834",NA,NA
"937722",NA,NA
"937889",NA,NA
"938140",NA,NA
"938735",NA,NA
"938870",NA,NA
"939093",NA,NA
"942056",NA,NA
"942807",NA,NA
"942926",NA,NA
"932947",NA,NA
"943427",NA,NA
"944203",NA,NA
"944440",NA,NA
"944653",NA,NA
"944964",NA,NA
"945047",NA,NA
"945122",NA,NA
"945850",NA,NA
"945855",NA,NA
"946161",NA,NA
"946368",NA,NA
"946371",NA,NA
"946372",NA,NA
"949926",NA,NA
"950900",NA,NA
"950924",NA,NA
"952602",NA,NA
"952846",NA,NA
"953669",NA,NA
"954408",NA,NA
"944719",0.204124145231932,0.102062072615966
"946757",0.408248290463863,0.408248290463863
"954828",0.408248290463863,0.408248290463863
"954875",0.426401432711221,0.426401432711221
"955507",0.25,0.5
"957980",0.288675134594813,0.288675134594813
"957987",0.632455532033676,0.474341649025257
"958078",0.632455532033676,0.474341649025257
"959646",0.288675134594813,0.288675134594813
"959650",0.5,0.75
"959887",0.21320071635561,0.21320071635561
"959918",0.316227766016838,0.316227766016838
"960087",0.426401432711221,0.533001790889026
"960094",0.447213595499958,0.447213595499958
"960095",0.447213595499958,0.447213595499958
"960375",0.288675134594813,0.288675134594813
"960626",0.408248290463863,0.408248290463863
"971367",0.5,0.5
"971423",0,0
"972004",0.25,0.25
"978836",0.25,0.25
"605243",NA,NA
"605257",NA,NA
"605791",NA,NA
"960419",NA,NA
"960530",NA,NA
"960577",NA,NA
"961233",NA,NA
"971480",NA,NA
"977476",NA,NA
"981373",NA,NA
"984778",NA,NA
"986085",NA,NA
"986132",NA,NA
"991148",NA,NA
"991402",NA,NA
"991483",NA,NA
"991497",NA,NA
"995879",NA,NA
"995912",NA,NA
"997631",NA,NA
"997664",NA,NA
"997726",NA,NA
"997756",NA,NA
"997760",NA,NA
"997879",NA,NA
"610876",NA,NA
"614508",NA,NA
"619910",NA,NA
"624516",NA,NA
"626535",NA,NA
"632689",NA,NA
"632888",NA,NA
"632906",NA,NA
"635231",NA,NA
"640837",NA,NA
"609557",NA,NA
"610121",NA,NA
"660641",NA,NA
"666403",NA,NA
"672907",NA,NA
"673012",NA,NA
"673025",NA,NA
"676835",NA,NA
"645907",NA,NA
"660954",NA,NA
"668737",NA,NA
"718846",NA,NA
"719823",NA,NA
"722588",NA,NA
"935675",NA,NA
"937821",NA,NA
"944564",NA,NA
"943805",NA,NA
"945788",NA,NA
"954963",NA,NA
"943340",NA,NA
"954939",NA,NA
"958106",NA,NA
"959718",NA,NA
"959890",NA,NA
"980480",NA,NA
"980850",NA,NA
"605247",NA,NA
"990142",NA,NA
"991202",NA,NA
"997883",NA,NA
"620507",NA,NA
"620508",NA,NA
"621458",NA,NA
"622365",NA,NA
"997916",NA,NA
"647271",NA,NA
"665234",NA,NA
"673026",NA,NA
"682786",NA,NA
"718933",NA,NA
"975243",NA,NA
"935185",NA,NA
"935186",NA,NA
"938961",NA,NA
"939390",NA,NA
"942967",NA,NA
"944164",NA,NA
"945457",NA,NA
"945550",NA,NA
"945916",NA,NA
"946102",NA,NA
"949381",NA,NA
"952157",NA,NA
"950907",NA,NA
"955050",NA,NA
"955083",NA,NA
"957421",NA,NA
"960104",NA,NA
"960215",NA,NA
"960594",NA,NA
"975367",NA,NA
"605248",NA,NA
"996119",NA,NA
"632973",NA,NA
"932685",NA,NA
"933059",NA,NA
"934381",NA,NA
"935371",NA,NA
"935581",NA,NA
"935644",NA,NA
"936582",NA,NA
"938113",NA,NA
"938798",NA,NA
"938801",NA,NA
"939022",NA,NA
"939471",NA,NA
"939512",NA,NA
"939542",NA,NA
"941592",NA,NA
"941593",NA,NA
"941762",NA,NA
"941823",NA,NA
"942037",NA,NA
"942052",NA,NA
"942640",NA,NA
"942739",NA,NA
"943927",NA,NA
"930083",NA,NA
"933907",NA,NA
"939214",NA,NA
"942162",NA,NA
"943048",NA,NA
"943140",NA,NA
"943652",NA,NA
"943720",NA,NA
"943748",NA,NA
"943896",NA,NA
"944510",NA,NA
"944714",NA,NA
"944801",NA,NA
"944951",NA,NA
"945209",NA,NA
"945390",NA,NA
"945510",NA,NA
"945632",NA,NA
"945926",NA,NA
"946131",NA,NA
"946237",NA,NA
"946299",NA,NA
"946407",NA,NA
"946531",NA,NA
"946532",NA,NA
"946790",NA,NA
"947988",NA,NA
"949620",NA,NA
"950962",NA,NA
"952468",NA,NA
"952480",NA,NA
"954025",NA,NA
"954049",NA,NA
"954411",NA,NA
"954744",NA,NA
"954982",NA,NA
"955045",NA,NA
"941937",NA,NA
"942522",NA,NA
"944252",NA,NA
"944908",NA,NA
"946181",NA,NA
"946195",NA,NA
"949120",NA,NA
"950919",NA,NA
"952624",NA,NA
"952844",NA,NA
"954120",NA,NA
"954363",NA,NA
"954383",NA,NA
"954981",NA,NA
"955439",NA,NA
"957942",NA,NA
"957950",NA,NA
"958083",NA,NA
"958254",NA,NA
"958262",NA,NA
"958432",NA,NA
"958882",NA,NA
"960208",NA,NA
"960292",NA,NA
"960381",NA,NA
"960591",NA,NA
"960731",NA,NA
"961213",NA,NA
"961399",NA,NA
"961698",NA,NA
"974354",NA,NA
"975164",NA,NA
"975175",NA,NA
"976277",NA,NA
"617357",NA,NA
"958777",NA,NA
"960521",NA,NA
"960629",NA,NA
"973379",NA,NA
"977020",NA,NA
"981301",NA,NA
"984805",NA,NA
"986202",NA,NA
"986258",NA,NA
"987007",NA,NA
"988394",NA,NA
"988758",NA,NA
"990635",NA,NA
"990875",NA,NA
"991039",NA,NA
"991339",NA,NA
"991352",NA,NA
"995068",NA,NA
"995478",NA,NA
"996719",NA,NA
"996875",NA,NA
"997427",NA,NA
"997428",NA,NA
"997571",NA,NA
"997752",NA,NA
"998050",NA,NA
"998530",NA,NA
"999501",NA,NA
"605252",NA,NA
"605747",NA,NA
"609390",NA,NA
"618273",NA,NA
"627574",NA,NA
"631927",NA,NA
"632139",NA,NA
"632402",NA,NA
"633248",NA,NA
"634475",NA,NA
"637335",NA,NA
"955428",NA,NA
"996445",NA,NA
"997443",NA,NA
"997600",NA,NA
"606290",NA,NA
"615810",NA,NA
"632147",NA,NA
"632378",NA,NA
"639691",NA,NA
"645152",NA,NA
"652995",NA,NA
"663204",NA,NA
"672341",NA,NA
"676300",NA,NA
"679855",NA,NA
"690620",NA,NA
"704518",NA,NA
"628132",NA,NA
"800883",NA,NA
"929467",NA,NA
"932831",NA,NA
"934034",NA,NA
"934714",NA,NA
"935217",NA,NA
"935655",NA,NA
"937271",NA,NA
"937327",NA,NA
"937627",NA,NA
"938635",NA,NA
"939645",NA,NA
"928518",NA,NA
"939067",NA,NA
"940048",NA,NA
"943402",NA,NA
"943566",NA,NA
"944315",NA,NA
"945861",NA,NA
"946570",NA,NA
"950179",NA,NA
"943712",NA,NA
"945019",NA,NA
"953206",NA,NA
"954474",NA,NA
"958356",NA,NA
"959313",NA,NA
"959864",NA,NA
"960318",NA,NA
"961060",NA,NA
"605266",0.166666666666667,0.0785674201318386
"930010",0,0
"953921",0.150755672288882,0.14213381090374
"960636",0.125,0.117851130197758
"974897",0,0
"975211",0,0
"988438",0.121267812518166,0.114332390095006
"988982",0,0
"990007",0.258198889747161,0.182574185835055
"995867",0,0
"996390",0,0
"996587",0.288675134594813,0.136082763487954
"997877",0,0
"611212",NA,NA
"620506",NA,NA
"626633",NA,NA
"627044",NA,NA
"630107",NA,NA
"630325",NA,NA
"632923",NA,NA
"635803",NA,NA
"637240",NA,NA
"646483",NA,NA
"961032",NA,NA
"995375",NA,NA
"999446",NA,NA
"620881",NA,NA
"630214",NA,NA
"634488",NA,NA
"640838",NA,NA
"641159",NA,NA
"641697",NA,NA
"652997",NA,NA
"660672",NA,NA
"662021",NA,NA
"667277",NA,NA
"668999",NA,NA
"687862",NA,NA
"687863",NA,NA
"687864",NA,NA
"936978",NA,NA
"999533",NA,NA
"660168",NA,NA
"660785",NA,NA
"672473",NA,NA
"676739",NA,NA
"676845",NA,NA
"701792",NA,NA
"714549",NA,NA
"723585",NA,NA
"676176",NA,NA
"720090",NA,NA
"722789",NA,NA
"731136",NA,NA
"732892",NA,NA
"739683",NA,NA
"739735",NA,NA
"789656",NA,NA
"814805",NA,NA
"931221",NA,NA
"933007",NA,NA
"934443",NA,NA
"938877",NA,NA
"930280",NA,NA
"936034",NA,NA
"939097",NA,NA
"939451",NA,NA
"942059",NA,NA
"929198",NA,NA
"944706",NA,NA
"945121",NA,NA
"950974",NA,NA
"951867",NA,NA
"954263",NA,NA
"959196",NA,NA
"959942",NA,NA
"961274",NA,NA
"605976",NA,NA
"928006",NA,NA
"939413",NA,NA
"961275",NA,NA
"961285",NA,NA
"989132",NA,NA
"995071",NA,NA
"605302",NA,NA
"606288",NA,NA
"622414",NA,NA
"625528",NA,NA
"628136",NA,NA
"952594",NA,NA
"958268",NA,NA
"605579",NA,NA
"605604",NA,NA
"625218",NA,NA
"640660",NA,NA
"950940",NA,NA
"997926",NA,NA
"997931",NA,NA
"681534",NA,NA
"700994",NA,NA
"707754",NA,NA
"717342",NA,NA
"813891",NA,NA
"935579",NA,NA
"939278",NA,NA
"939528",NA,NA
"943086",NA,NA
"942016",NA,NA
"945804",NA,NA
"945832",NA,NA
"946431",NA,NA
"946472",NA,NA
"953912",NA,NA
"954755",NA,NA
"944469",NA,NA
"950801",NA,NA
"951202",NA,NA
"954334",NA,NA
"954814",NA,NA
"955236",NA,NA
"958333",NA,NA
"958334",NA,NA
"959289",NA,NA
"959661",NA,NA
"960531",NA,NA
"960593",NA,NA
"974362",NA,NA
"977451",NA,NA
"981298",NA,NA
"981383",NA,NA
"605497",0,0
"610762",0.444444444444444,0.298142396999972
"959349",0,0
"959706",0,0
"959832",0.166666666666667,0.111803398874989
"971975",0,0
"974804",0.235702260395516,0.158113883008419
"977135",0,0
"978284",0.251976315339485,0.169030850945703
"980488",0,0
"986263",0.100503781525921,0.0674199862463242
"988754",0.333333333333333,0.223606797749979
"991517",0.316227766016838,0.212132034355964
"997544",0.0962250448649376,0.0645497224367903
"997545",0.0924500327042048,0.0620173672946042
"998531",0,0
"605744",NA,NA
"614182",NA,NA
"623147",NA,NA
"630993",NA,NA
"640407",NA,NA
"991127",NA,NA
"997845",NA,NA
"611772",NA,NA
"674104",NA,NA
"690817",NA,NA
"708705",NA,NA
"716879",NA,NA
"723514",NA,NA
"936694",NA,NA
"943989",NA,NA
"946469",NA,NA
"958021",NA,NA
"959425",NA,NA
"605501",NA,NA
"612079",NA,NA
"664115",NA,NA
"664909",NA,NA
"673439",NA,NA
"736159",NA,NA
"932984",NA,NA
"933119",NA,NA
"940567",NA,NA
"928376",NA,NA
"933078",NA,NA
"952858",NA,NA
"955125",NA,NA
"957999",NA,NA
"943928",NA,NA
"946345",NA,NA
"615426",0.0845154254728517,0.3
"652999",0.169030850945703,0.104828483672192
"672705",0,0
"605601",NA,NA
"615699",NA,NA
"667703",NA,NA
"670379",NA,NA
"672893",NA,NA
"680069",NA,NA
"684836",NA,NA
"704458",NA,NA
"720002",NA,NA
"683187",NA,NA
"768265",NA,NA
"933033",NA,NA
"936499",NA,NA
"939199",NA,NA
"939632",NA,NA
"941965",NA,NA
"941990",NA,NA
"942889",NA,NA
"933195",NA,NA
"942721",NA,NA
"943658",NA,NA
"944916",NA,NA
"944948",NA,NA
"946126",NA,NA
"946177",NA,NA
"946320",NA,NA
"950917",NA,NA
"954040",NA,NA
"932983",NA,NA
"941519",NA,NA
"944918",NA,NA
"944922",NA,NA
"954879",NA,NA
"958113",NA,NA
"959072",NA,NA
"960611",NA,NA
"961266",NA,NA
"979643",NA,NA
"981067",NA,NA
"605673",NA,NA
"960426",NA,NA
"995670",NA,NA
"996050",NA,NA
"997629",NA,NA
"610892",NA,NA
"626625",NA,NA
"632708",NA,NA
"639173",NA,NA
"678306",NA,NA
"936561",NA,NA
"936563",NA,NA
"945046",NA,NA
"954265",NA,NA
"954511",NA,NA
"958376",NA,NA
"605742",NA,NA
"974888",NA,NA
"995601",NA,NA
"995721",NA,NA
"997880",NA,NA
"632697",NA,NA
"671548",NA,NA
"671549",NA,NA
"676740",NA,NA
"684080",NA,NA
"697680",NA,NA
"735143",NA,NA
"928391",NA,NA
"934472",NA,NA
"937017",NA,NA
"937212",NA,NA
"937424",NA,NA
"938006",NA,NA
"939310",NA,NA
"939346",NA,NA
"941527",NA,NA
"933024",NA,NA
"934458",NA,NA
"942654",NA,NA
"946123",NA,NA
"946499",NA,NA
"929267",NA,NA
"940049",NA,NA
"942778",NA,NA
"943440",NA,NA
"945131",NA,NA
"946343",NA,NA
"946769",NA,NA
"951551",NA,NA
"952638",NA,NA
"953918",NA,NA
"954492",NA,NA
"957933",NA,NA
"957955",NA,NA
"960321",NA,NA
"960528",NA,NA
"960849",NA,NA
"960919",NA,NA
"980381",NA,NA
"609164",NA,NA
"610420",NA,NA
"946604",NA,NA
"954476",NA,NA
"954479",NA,NA
"955367",NA,NA
"961301",NA,NA
"961764",NA,NA
"968937",NA,NA
"972632",NA,NA
"974378",NA,NA
"976861",NA,NA
"984915",NA,NA
"986296",NA,NA
"991323",NA,NA
"605745",NA,NA
"605800",NA,NA
"606303",NA,NA
"610133",NA,NA
"611857",NA,NA
"621319",NA,NA
"625928",NA,NA
"632801",NA,NA
"635632",NA,NA
"636218",NA,NA
"637876",NA,NA
"641824",NA,NA
"980074",NA,NA
"990607",NA,NA
"997564",NA,NA
"641698",NA,NA
"644714",NA,NA
"644809",NA,NA
"666511",NA,NA
"620290",NA,NA
"633261",NA,NA
"672622",NA,NA
"673089",NA,NA
"677163",NA,NA
"677790",NA,NA
"679653",NA,NA
"679656",NA,NA
"688499",NA,NA
"693049",NA,NA
"703378",NA,NA
"703414",NA,NA
"723581",NA,NA
"990608",NA,NA
"728613",NA,NA
"730637",NA,NA
"930760",NA,NA
"932214",NA,NA
"934868",NA,NA
"935184",NA,NA
"935845",NA,NA
"936391",NA,NA
"936427",NA,NA
"936447",NA,NA
"937279",NA,NA
"937756",NA,NA
"938066",NA,NA
"938344",NA,NA
"938464",NA,NA
"938657",NA,NA
"938830",NA,NA
"939307",NA,NA
"939490",NA,NA
"939597",NA,NA
"939619",NA,NA
"939852",NA,NA
"939988",NA,NA
"941633",NA,NA
"941650",NA,NA
"940560",NA,NA
"941947",NA,NA
"943135",NA,NA
"943565",NA,NA
"943743",NA,NA
"944146",NA,NA
"944243",NA,NA
"944281",NA,NA
"944734",NA,NA
"944960",NA,NA
"945118",NA,NA
"945190",NA,NA
"945505",NA,NA
"945802",NA,NA
"945921",NA,NA
"946384",NA,NA
"946395",NA,NA
"946535",NA,NA
"946583",NA,NA
"946760",NA,NA
"947077",NA,NA
"948805",NA,NA
"948807",NA,NA
"951177",NA,NA
"952615",NA,NA
"953866",NA,NA
"953920",NA,NA
"955263",NA,NA
"942777",NA,NA
"949453",NA,NA
"954506",NA,NA
"954991",NA,NA
"955249",NA,NA
"955340",NA,NA
"958446",NA,NA
"958531",NA,NA
"958702",NA,NA
"958704",NA,NA
"959011",NA,NA
"959013",NA,NA
"959188",NA,NA
"959291",NA,NA
"959972",NA,NA
"960221",NA,NA
"960344",NA,NA
"960358",NA,NA
"960558",NA,NA
"960821",NA,NA
"961775",NA,NA
"972664",NA,NA
"976860",NA,NA
"991145",NA,NA
"605819",NA,NA
"939464",NA,NA
"942984",NA,NA
"944026",NA,NA
"960362",NA,NA
"971262",NA,NA
"985985",NA,NA
"987827",NA,NA
"988954",NA,NA
"988956",NA,NA
"989134",NA,NA
"991045",NA,NA
"991753",NA,NA
"995950",NA,NA
"997301",NA,NA
"997304",NA,NA
"999086",NA,NA
"612081",0.272165526975909,0.21320071635561
"612200",0,0.150755672288882
"616326",0.204124145231932,0.21320071635561
"624639",0.246182981958665,0.25712973861329
"625123",0.288675134594813,0.376889180722205
"626255",0,0
"626302",0,0
"627222",0,0
"627288",0.288675134594813,0.150755672288882
"627462",0.5,0.261116483933547
"630380",0.333333333333333,0.348155311911396
"630498",0.182574185835055,0.190692517849118
"632493",0,0.080582296402538
"997359",0.154303349962092,0.161164592805076
"632920",0.387298334620742,0.350823207722812
"640098",0,0
"647145",0.577350269189626,0.588348405414552
"649290",0.333333333333333,0.339683110243379
"650816",0.435194139889245,0.473049916791266
"656451",0.223606797749979,0.3038218101251
"656452",0.306186217847897,0.208012573584461
"661935",0.612372435695795,0.416025147168922
"664912",0.129099444873581,0.0877058019307029
"668444",0.639009650422694,0.620173672946042
"672372",0.58925565098879,0.560448538317805
"691940",NA,NA
"697075",NA,NA
"697675",NA,NA
"702679",NA,NA
"711378",NA,NA
"711402",NA,NA
"713750",NA,NA
"717252",NA,NA
"726154",NA,NA
"737969",NA,NA
"761141",NA,NA
"936126",NA,NA
"936696",NA,NA
"944262",NA,NA
"944977",NA,NA
"958958",NA,NA
"961359",NA,NA
"998058",NA,NA
"606289",NA,NA
"624142",NA,NA
"660035",NA,NA
"984946",NA,NA
"997850",NA,NA
"661202",NA,NA
"805462",NA,NA
"941998",NA,NA
"941995",NA,NA
"950884",NA,NA
"950961",NA,NA
"953908",NA,NA
"954042",NA,NA
"955106",NA,NA
"955261",NA,NA
"955661",NA,NA
"955111",NA,NA
"959926",NA,NA
"961230",NA,NA
"975512",NA,NA
"979859",NA,NA
"987422",NA,NA
"989573",NA,NA
"995602",NA,NA
"606350",NA,NA
"961521",NA,NA
"633254",NA,NA
"730056",NA,NA
"941991",NA,NA
"942012",NA,NA
"942971",NA,NA
"945407",NA,NA
"946303",NA,NA
"950905",NA,NA
"953864",NA,NA
"954821",NA,NA
"954856",NA,NA
"950958",NA,NA
"953865",NA,NA
"960452",NA,NA
"961145",NA,NA
"971402",NA,NA
"971952",NA,NA
"974794",NA,NA
"981933",NA,NA
"989145",NA,NA
"991335",NA,NA
"608655",NA,NA
"643861",NA,NA
"651253",NA,NA
"645905",NA,NA
"930144",NA,NA
"930278",NA,NA
"932520",NA,NA
"937715",NA,NA
"932882",NA,NA
"933037",NA,NA
"939458",NA,NA
"942198",NA,NA
"950874",NA,NA
"929914",NA,NA
"938954",NA,NA
"942025",NA,NA
"942350",NA,NA
"943672",NA,NA
"944568",NA,NA
"948959",NA,NA
"956856",NA,NA
"942006",0.14213381090374,0.116051770637132
"942955",0.136082763487954,0.111111111111111
"943397",0.0608580619450185,0.0993807989999907
"943500",0.0785674201318386,0.0641500299099584
"950186",0,0.0608580619450185
"957923",0.0890870806374748,0.0727392967453308
"957984",0,0
"960509",0,0
"996092",0.400163365332521,0.373408022407469
"618770",0.142857142857143,0.145478593490662
"626631",0,0.0555555555555556
"628357",0,0.182574185835055
"640253",0,0.128300059819917
"954855",0,0.0641500299099584
"960633",0,0.136082763487954
"974869",0,0.102868899974728
"981375",0,0.0580258853185659
"989945",0.113960576459638,0.174077655955698
"611500",0.157242725508288,0.211288563682129
"615816",0.0591312395989083,0.0476731294622796
"621796",0.057831493196624,0.0932504808240314
"647136",0.286445949615773,0.23094010767585
"972053",0,0
"981376",0.149440644416015,0.120482899335375
"988571",0.0924500327042048,0.149071198499986
"634491",NA,NA
"649270",NA,NA
"705969",NA,NA
"710576",NA,NA
"999091",NA,NA
"644272",NA,NA
"730735",NA,NA
"735149",NA,NA
"739464",NA,NA
"826286",NA,NA
"930092",NA,NA
"932999",NA,NA
"937709",NA,NA
"938058",NA,NA
"942650",NA,NA
"929259",NA,NA
"930013",NA,NA
"932515",NA,NA
"941684",NA,NA
"941958",NA,NA
"942139",NA,NA
"942165",NA,NA
"943088",NA,NA
"952817",NA,NA
"955854",NA,NA
"956484",NA,NA
"960525",NA,NA
"961657",NA,NA
"971389",NA,NA
"952954",NA,NA
"959363",NA,NA
"960103",NA,NA
"971353",NA,NA
"985981",NA,NA
"995075",NA,NA
"997982",NA,NA
"624321",NA,NA
"637909",NA,NA
"995078",NA,NA
"624318",NA,NA
"655783",NA,NA
"665659",NA,NA
"671587",NA,NA
"671862",NA,NA
"684636",NA,NA
"611752",NA,NA
"687861",NA,NA
"708479",NA,NA
"998291",NA,NA
"696378",NA,NA
"730638",NA,NA
"784567",NA,NA
"814418",NA,NA
"936476",NA,NA
"955068",NA,NA
"980482",NA,NA
"981421",NA,NA
"617354",NA,NA
"620580",NA,NA
"930279",NA,NA
"934605",NA,NA
"939932",NA,NA
"950918",0.0975900072948533,0.113960576459638
"945401",NA,NA
"959557",NA,NA
"615804",NA,NA
"981422",NA,NA
"628661",NA,NA
"639685",NA,NA
"943657",NA,NA
"946582",NA,NA
"954053",NA,NA
"944747",NA,NA
"954130",NA,NA
"960313",NA,NA
"960322",NA,NA
"961100",NA,NA
"617322",NA,NA
"706748",NA,NA
"727630",NA,NA
"939457",NA,NA
"943298",NA,NA
"946012",NA,NA
"946302",NA,NA
"951203",NA,NA
"955742",NA,NA
"959059",NA,NA
"961519",NA,NA
"961724",NA,NA
"968930",NA,NA
"971714",NA,NA
"976336",NA,NA
"618628",NA,NA
"709763",NA,NA
"933016",NA,NA
"939074",NA,NA
"942729",NA,NA
"943428",NA,NA
"943660",NA,NA
"943662",NA,NA
"953017",NA,NA
"954262",NA,NA
"954294",NA,NA
"942613",NA,NA
"951732",NA,NA
"956128",NA,NA
"957674",NA,NA
"959697",NA,NA
"974793",NA,NA
"945656",NA,NA
"618629",NA,NA
"640907",NA,NA
"619843",NA,NA
"687477",NA,NA
"927950",NA,NA
"928334",NA,NA
"932979",NA,NA
"935661",NA,NA
"938642",NA,NA
"939444",NA,NA
"942210",NA,NA
"943325",NA,NA
"930253",NA,NA
"958463",NA,NA
"960801",NA,NA
"928790",NA,NA
"949770",NA,NA
"958853",NA,NA
"959318",NA,NA
"960091",NA,NA
"960101",NA,NA
"971431",NA,NA
"976762",NA,NA
"991771",NA,NA
"995177",NA,NA
"619315",NA,NA
"657979",NA,NA
"665780",NA,NA
"667143",NA,NA
"681786",NA,NA
"998014",NA,NA
"681989",NA,NA
"709407",NA,NA
"714747",NA,NA
"732890",NA,NA
"763235",NA,NA
"778830",NA,NA
"945071",NA,NA
"952255",NA,NA
"954052",NA,NA
"954837",NA,NA
"950923",NA,NA
"956707",NA,NA
"958912",NA,NA
"959424",NA,NA
"959888",NA,NA
"960401",NA,NA
"991333",NA,NA
"994906",NA,NA
"997628",NA,NA
"997633",NA,NA
"997708",NA,NA
"997720",NA,NA
"619747",NA,NA
"632833",NA,NA
"632857",NA,NA
"632876",NA,NA
"645626",NA,NA
"933010",NA,NA
"997753",NA,NA
"632865",NA,NA
"672739",NA,NA
"672903",NA,NA
"980069",NA,NA
"980070",NA,NA
"980071",NA,NA
"620232",NA,NA
"657807",NA,NA
"826388",NA,NA
"932655",NA,NA
"935183",NA,NA
"936936",NA,NA
"939208",NA,NA
"939445",NA,NA
"942201",NA,NA
"942883",NA,NA
"943966",NA,NA
"944234",NA,NA
"944932",NA,NA
"945393",NA,NA
"946301",NA,NA
"950885",NA,NA
"935835",NA,NA
"943385",NA,NA
"943502",NA,NA
"945048",NA,NA
"950804",NA,NA
"952612",NA,NA
"954380",NA,NA
"958390",NA,NA
"959020",NA,NA
"959341",NA,NA
"961649",NA,NA
"945597",NA,NA
"958985",NA,NA
"959041",NA,NA
"959288",NA,NA
"960638",NA,NA
"961038",NA,NA
"974789",NA,NA
"622895",NA,NA
"623309",NA,NA
"623998",NA,NA
"957883",NA,NA
"978357",NA,NA
"631002",NA,NA
"638434",NA,NA
"653712",NA,NA
"672364",NA,NA
"932946",NA,NA
"934592",NA,NA
"935589",NA,NA
"935598",NA,NA
"937813",NA,NA
"939414",NA,NA
"939473",NA,NA
"941690",NA,NA
"933014",NA,NA
"935577",NA,NA
"938257",NA,NA
"944280",NA,NA
"945456",NA,NA
"946573",NA,NA
"950764",NA,NA
"950956",NA,NA
"951587",NA,NA
"952362",NA,NA
"954046",NA,NA
"948798",NA,NA
"950930",NA,NA
"954055",NA,NA
"954367",NA,NA
"958442",NA,NA
"959016",NA,NA
"959070",NA,NA
"959332",NA,NA
"960592",NA,NA
"960656",NA,NA
"975173",NA,NA
"959422",NA,NA
"990140",NA,NA
"990991",NA,NA
"991334",NA,NA
"995448",NA,NA
"996170",NA,NA
"996879",NA,NA
"997630",NA,NA
"997717",NA,NA
"997759",NA,NA
"621202",NA,NA
"627042",NA,NA
"632840",NA,NA
"632885",NA,NA
"632907",NA,NA
"632928",NA,NA
"633271",NA,NA
"652668",NA,NA
"974803",NA,NA
"997654",NA,NA
"632974",NA,NA
"640250",NA,NA
"640655",NA,NA
"689860",NA,NA
"938972",NA,NA
"952474",NA,NA
"622055",NA,NA
"663509",NA,NA
"935591",NA,NA
"938684",NA,NA
"943117",NA,NA
"954043",NA,NA
"959111",NA,NA
"959421",NA,NA
"933123",NA,NA
"954373",NA,NA
"997603",NA,NA
"622897",NA,NA
"640910",NA,NA
"988983",NA,NA
"669580",NA,NA
"672897",NA,NA
"673021",NA,NA
"737345",NA,NA
"760213",NA,NA
"895981",NA,NA
"954047",NA,NA
"948787",NA,NA
"961434",NA,NA
"988778",NA,NA
"997634",NA,NA
"627045",NA,NA
"939565",NA,NA
"945611",NA,NA
"949615",NA,NA
"949618",NA,NA
"954826",NA,NA
"955093",NA,NA
"955103",NA,NA
"960369",NA,NA
"960924",NA,NA
"991337",NA,NA
"628141",NA,NA
"647153",NA,NA
"640836",NA,NA
"691380",NA,NA
"939639",NA,NA
"943782",NA,NA
"946839",NA,NA
"944425",NA,NA
"953957",NA,NA
"959209",NA,NA
"977137",NA,NA
"990637",NA,NA
"995531",NA,NA
"629723",NA,NA
"633392",NA,NA
"641863",NA,NA
"997722",NA,NA
"648265",NA,NA
"666596",NA,NA
"970813",NA,NA
"997501",NA,NA
"671116",NA,NA
"672368",NA,NA
"932212",NA,NA
"935658",NA,NA
"939871",NA,NA
"954477",NA,NA
"997762",NA,NA
"629734",NA,NA
"632841",NA,NA
"664492",NA,NA
"664523",NA,NA
"950906",NA,NA
"632679",NA,NA
"643306",NA,NA
"935575",NA,NA
"939662",NA,NA
"944296",NA,NA
"953420",NA,NA
"971738",NA,NA
"974358",NA,NA
"979377",NA,NA
"994625",NA,NA
"672908",NA,NA
"672909",NA,NA
"950873",NA,NA
"678051",NA,NA
"960171",NA,NA
"683105",NA,NA
"728005",NA,NA
"935578",NA,NA
"954980",NA,NA
"956904",NA,NA
"957925",NA,NA
"958278",NA,NA
"999548",NA,NA
"943250",NA,NA
"988308",NA,NA
